restaurant_id,name,cuisines,location_city,location_area,latitude,longitude,opening_hours,rating,delivery_time_minutes,price_level,offers,cuisine,diet_options,healthy_menu_tags,mood_menu_tags,menu_item_ids
restaurant_00001,Tanner Kitchen,"['Healthy Fusion', 'Thai']",North Jefferyside,Sanchez Rue,35.825687,-10.706482,6:00 - 23:00,5.0,56,$$$,"['Happy hours', 'Free delivery']",Healthy Fusion,"['Heart-Healthy', 'High Protein']","['low calorie', 'gluten free']","['Sweet', 'Comforting']","['food_000071', 'food_000292', 'food_000357', 'food_000195', 'food_000115']"
restaurant_00002,Jackson Cafe,['North Indian'],East Rebecca,Ralph Haven,16.841602,78.845704,7:00 - 22:00,3.7,30,$$$,"['Weekend special', 'Free delivery']",North Indian,"['Heart-Healthy', 'Low Sugar']","['protein rich', 'heart healthy']","['Nostalgic', 'Calm']","['food_000041', 'food_000437', 'food_000161', 'food_000315', 'food_000149']"
restaurant_00003,Duran House,"['Peruvian', 'Spanish', 'Brazilian']",Staffordbury,Morgan Port,20.110331,-54.474861,8:00 - 23:00,4.3,35,$$$,"['Combo discount', 'Weekend special']",Peruvian,"['Low Carb', 'Pescatarian']","['low sugar', 'protein rich']","['Nostalgic', 'Festive']","['food_000403', 'food_000038', 'food_000406', 'food_000460', 'food_000157']"
restaurant_00004,Marshall House,['Japanese'],South David,Pope Islands,45.536669,-92.715099,11:00 - 22:00,3.6,48,$$,"['Combo discount', 'Free delivery']",Japanese,"['Low Carb', 'Heart-Healthy']","['heart healthy', 'low sugar']","['Comfort', 'Peaceful']","['food_000389', 'food_000347', 'food_000429', 'food_000337', 'food_000359']"
restaurant_00005,Jones House,['East Asian'],Lake Paul,Powell Key,-81.406038,-61.852318,9:00 - 21:00,4.2,50,$$,"['Free delivery', 'Combo discount']",East Asian,"['Keto', 'Diabetes-Friendly']","['protein rich', 'low calorie']","['Comfort', 'Sweet']","['food_000229', 'food_000067', 'food_000032', 'food_000354', 'food_000089']"
restaurant_00006,Gallagher Kitchen,"['Nordic', 'North Indian']",Damonberg,Patterson Ports,-31.171773,143.725601,10:00 - 22:00,3.4,60,$$$$,"['Happy hours', 'Combo discount']",Nordic,"['Nut-Free', 'High Protein']","['gluten free', 'protein rich']","['Adventurous', 'Energized']","['food_000126', 'food_000006', 'food_000022', 'food_000155', 'food_000143']"
restaurant_00007,Hensley House,"['Peruvian', 'French']",Calebburgh,Hughes Stravenue,77.20207,-126.582588,10:00 - 21:00,4.1,21,$$$$,"['Free delivery', 'Combo discount']",Peruvian,"['Keto', 'Gluten-Free']","['low calorie', 'protein rich']","['Motivated', 'Cheerful']","['food_000440', 'food_000202', 'food_000443', 'food_000183', 'food_000271']"
restaurant_00008,Mcdonald Grill,"['Japanese', 'American Comfort', 'Caribbean']",Port Brandonton,Thomas Lodge,23.0408,122.249839,6:00 - 23:00,4.9,25,$$$,"['Weekend special', 'Free delivery']",Japanese,"['Gluten-Free', 'Paleo']","['low sugar', 'gluten free']","['Social', 'Festive']","['food_000357', 'food_000168', 'food_000204', 'food_000199', 'food_000114']"
restaurant_00009,Wang Kitchen,['Healthy Fusion'],West Elizabethton,Timothy Stream,-81.349573,-106.306717,7:00 - 21:00,4.7,30,$$$,"['Free delivery', '10% off']",Healthy Fusion,"['High Protein', 'Keto']","['low sugar', 'heart healthy']","['Nostalgic', 'Focused']","['food_000136', 'food_000209', 'food_000107', 'food_000336', 'food_000056']"
restaurant_00010,Williams Kitchen,"['Healthy Fusion', 'Moroccan']",Hallton,Jones Club,38.557012,-30.353322,11:00 - 23:00,4.6,54,$$$$,"['10% off', 'Weekend special']",Healthy Fusion,"['Nut-Free', 'Halal']","['protein rich', 'low sugar']","['Sunny', 'Sweet']","['food_000492', 'food_000026', 'food_000079', 'food_000454', 'food_000413']"
restaurant_00011,Rangel Grill,['Indonesian'],Smithchester,Smith Brooks,-11.132248,-77.023306,9:00 - 22:00,3.4,22,$$$$,"['Combo discount', 'Free delivery']",Indonesian,"['Nut-Free', 'Vegetarian']","['protein rich', 'gluten free']","['Spicy', 'Comforting']","['food_000485', 'food_000025', 'food_000084', 'food_000083', 'food_000418']"
restaurant_00012,Hancock House,"['Italian', 'Mexican', 'Japanese']",West Derrick,Lara Ways,-57.388675,90.578323,11:00 - 21:00,3.4,28,$$$,"['Weekend special', 'Free delivery']",Italian,"['High Protein', 'Vegetarian']","['protein rich', 'low calorie']","['Adventurous', 'Cheerful']","['food_000206', 'food_000294', 'food_000056', 'food_000111', 'food_000105']"
restaurant_00013,Hutchinson Kitchen,['South Indian'],Cainmouth,Jessica Mission,-54.491659,-33.015068,9:00 - 20:00,4.5,27,$$,"['Happy hours', 'Weekend special']",South Indian,"['Halal', 'Heart-Healthy']","['low calorie', 'heart healthy']","['Cozy', 'Adventurous']","['food_000398', 'food_000245', 'food_000313', 'food_000178', 'food_000385']"
restaurant_00014,Rogers Corner,"['Healthy Fusion', 'African']",West Michaelshire,Samuel Harbor,-58.75906,51.031779,7:00 - 20:00,3.2,31,$,"['Free delivery', 'Combo discount']",Healthy Fusion,"['Diabetes-Friendly', 'Gluten-Free']","['protein rich', 'low calorie']","['Social', 'Festive']","['food_000367', 'food_000470', 'food_000487', 'food_000406', 'food_000068']"
restaurant_00015,Mendoza Kitchen,['Spanish'],Parksview,Donald View,-7.47852,160.757285,10:00 - 20:00,3.2,65,$$$,"['Free delivery', 'Weekend special']",Spanish,"['Paleo', 'Diabetes-Friendly']","['low calorie', 'low sugar']","['Energized', 'Motivated']","['food_000417', 'food_000450', 'food_000370', 'food_000212', 'food_000470']"
restaurant_00016,Boone Corner,"['Moroccan', 'African']",Richmouth,Conway Burg,41.336517,165.038915,9:00 - 23:00,3.6,36,$$$$,"['Happy hours', '10% off']",Moroccan,"['Low Sodium', 'Heart-Healthy']","['low sugar', 'low calorie']","['Sunny', 'Comforting']","['food_000328', 'food_000278', 'food_000117', 'food_000275', 'food_000447']"
restaurant_00017,Newton Tavern,['Australian'],West Matthewchester,Sanchez Harbors,23.206015,-57.787776,6:00 - 21:00,3.3,58,$$$$,"['10% off', 'Combo discount']",Australian,"['Kosher', 'Low Sugar']","['gluten free', 'low sugar']","['Festive', 'Peaceful']","['food_000372', 'food_000379', 'food_000076', 'food_000485', 'food_000127']"
restaurant_00018,Smith Tavern,['Indonesian'],Fergusonbury,Marvin Mountain,-8.753488,96.99155,6:00 - 21:00,3.2,25,$$,"['10% off', 'Weekend special']",Indonesian,"['Keto', 'Low Carb']","['heart healthy', 'low calorie']","['Calm', 'Comforting']","['food_000353', 'food_000284', 'food_000213', 'food_000414', 'food_000471']"
restaurant_00019,Walters Grill,"['North Indian', 'Moroccan', 'Filipino']",East Stephanieview,Jackson Glens,-8.205371,-162.185849,9:00 - 22:00,4.4,60,$,"['Free delivery', 'Weekend special']",North Indian,"['Halal', 'Vegan']","['gluten free', 'low sugar']","['Comforting', 'Focused']","['food_000307', 'food_000163', 'food_000377', 'food_000454', 'food_000460']"
restaurant_00020,Marquez Corner,['Vietnamese'],East Allison,Daniel Neck,-58.920572,-128.842209,9:00 - 23:00,4.5,35,$,"['Free delivery', 'Happy hours']",Vietnamese,"['Low Sodium', 'Gluten-Free']","['low calorie', 'low sugar']","['Nostalgic', 'Adventurous']","['food_000074', 'food_000058', 'food_000193', 'food_000091', 'food_000348']"
restaurant_00021,Williams Cafe,"['Australian', 'Italian', 'Turkish']",Brianstad,Burnett Rapids,62.999528,-110.751248,7:00 - 20:00,4.4,32,$$$$,"['Free delivery', 'Combo discount']",Australian,"['Dairy-Free', 'Paleo']","['heart healthy', 'low calorie']","['Nostalgic', 'Peaceful']","['food_000431', 'food_000266', 'food_000256', 'food_000261', 'food_000307']"
restaurant_00022,Rasmussen House,"['South Indian', 'Italian']",North Brianton,Brooks Shoals,-86.254279,-120.164361,8:00 - 23:00,4.5,63,$$$$,"['Combo discount', '10% off']",South Indian,"['Nut-Free', 'Keto']","['heart healthy', 'gluten free']","['Festive', 'Focused']","['food_000204', 'food_000219', 'food_000325', 'food_000337', 'food_000108']"
restaurant_00023,Jones Bistro,"['German', 'Caribbean', 'Mexican']",Lake Georgechester,Haley Tunnel,-41.758657,-17.153808,9:00 - 23:00,3.6,30,$$,"['Free delivery', 'Combo discount']",German,"['Paleo', 'Vegetarian']","['heart healthy', 'low calorie']","['Sunny', 'Comforting']","['food_000278', 'food_000043', 'food_000073', 'food_000415', 'food_000310']"
restaurant_00024,Moore Bistro,['Indonesian'],East Richard,Reyes Vista,13.086831,153.880721,7:00 - 22:00,3.2,40,$$$,"['Happy hours', 'Free delivery']",Indonesian,"['Vegan', 'Gluten-Free']","['gluten free', 'low sugar']","['Cheerful', 'Sweet']","['food_000206', 'food_000120', 'food_000224', 'food_000126', 'food_000238']"
restaurant_00025,Sampson Grill,"['Australian', 'East Asian', 'Indonesian']",Gardnerbury,Ryan Place,-58.975115,44.072277,8:00 - 21:00,3.1,44,$$$$,"['10% off', 'Combo discount']",Australian,"['Low Carb', 'Dairy-Free']","['gluten free', 'low calorie']","['Spicy', 'Cheerful']","['food_000050', 'food_000100', 'food_000105', 'food_000371', 'food_000055']"
restaurant_00026,Schwartz Bistro,"['Spanish', 'Nordic', 'Peruvian']",North Xavier,Parker Overpass,-82.15031,26.602786,7:00 - 21:00,3.1,61,$,"['10% off', 'Free delivery']",Spanish,"['Paleo', 'Vegan']","['protein rich', 'low calorie']","['Comforting', 'Nostalgic']","['food_000262', 'food_000340', 'food_000467', 'food_000453', 'food_000058']"
restaurant_00027,Simmons Grill,"['Spanish', 'East Asian']",Sandraside,Destiny Branch,7.819176,12.882767,9:00 - 22:00,4.8,26,$$$$,"['Weekend special', '10% off']",Spanish,"['Nut-Free', 'Paleo']","['gluten free', 'low calorie']","['Sunny', 'Nostalgic']","['food_000157', 'food_000385', 'food_000069', 'food_000429', 'food_000345']"
restaurant_00028,Benson Kitchen,['Australian'],Tammyview,Andrew Avenue,-58.020955,154.104714,9:00 - 23:00,4.3,50,$$$$,"['Free delivery', 'Combo discount']",Australian,"['Nut-Free', 'Kosher']","['heart healthy', 'gluten free']","['Nostalgic', 'Sunny']","['food_000384', 'food_000160', 'food_000397', 'food_000382', 'food_000061']"
restaurant_00029,Hull House,"['German', 'East Asian']",East Ashleeview,Jesus Shores,-36.685026,-115.094664,10:00 - 21:00,4.4,47,$$,"['Free delivery', 'Weekend special']",German,"['Gluten-Free', 'Keto']","['protein rich', 'low calorie']","['Nostalgic', 'Relaxed']","['food_000024', 'food_000146', 'food_000084', 'food_000314', 'food_000130']"
restaurant_00030,Jenkins House,['Australian'],Davidberg,Jeff Hollow,-39.347189,-5.184882,10:00 - 20:00,3.2,59,$,"['Happy hours', 'Free delivery']",Australian,"['Pescatarian', 'Dairy-Free']","['gluten free', 'low sugar']","['Sweet', 'Peaceful']","['food_000050', 'food_000334', 'food_000083', 'food_000264', 'food_000358']"
restaurant_00031,Richmond Bistro,['German'],Port Kellyfort,Phillips Valley,-79.737649,135.066018,9:00 - 23:00,3.0,64,$,"['Free delivery', '10% off']",German,"['Vegan', 'Vegetarian']","['low sugar', 'protein rich']","['Focused', 'Spicy']","['food_000173', 'food_000100', 'food_000279', 'food_000203', 'food_000097']"
restaurant_00032,Gamble Corner,['South Indian'],Dicksonfurt,Donna Divide,23.725495,-62.410514,7:00 - 22:00,3.5,53,$$$,"['Free delivery', '10% off']",South Indian,"['Halal', 'Low Carb']","['protein rich', 'heart healthy']","['Savory', 'Focused']","['food_000338', 'food_000399', 'food_000290', 'food_000393', 'food_000314']"
restaurant_00033,Smith Kitchen,['Korean'],New Jasminetown,Sharon Coves,6.116737,-24.409604,9:00 - 23:00,4.9,34,$$$$,"['Free delivery', 'Weekend special']",Korean,"['Kosher', 'Nut-Free']","['protein rich', 'gluten free']","['Happy', 'Cozy']","['food_000461', 'food_000383', 'food_000043', 'food_000259', 'food_000173']"
restaurant_00034,Cooper Grill,['African'],South Latasha,Thomas Knolls,-58.134037,-16.244713,7:00 - 23:00,4.1,26,$$$$,"['10% off', 'Weekend special']",African,"['Low Sugar', 'Gluten-Free']","['gluten free', 'protein rich']","['Social', 'Calm']","['food_000368', 'food_000312', 'food_000079', 'food_000051', 'food_000345']"
restaurant_00035,Robbins House,"['German', 'Healthy Fusion', 'Thai']",North Anthony,Suarez Mill,-7.004411,36.031186,6:00 - 23:00,3.7,64,$$,"['10% off', 'Happy hours']",German,"['Diabetes-Friendly', 'High Protein']","['heart healthy', 'low calorie']","['Energized', 'Cozy']","['food_000387', 'food_000323', 'food_000371', 'food_000190', 'food_000423']"
restaurant_00036,Blackburn House,['South Indian'],Wallacechester,Sonia Views,64.134108,112.758716,7:00 - 20:00,4.2,49,$,"['Weekend special', 'Happy hours']",South Indian,"['Pescatarian', 'Vegan']","['heart healthy', 'low calorie']","['Comforting', 'Sweet']","['food_000215', 'food_000297', 'food_000437', 'food_000274', 'food_000330']"
restaurant_00037,Gilbert Bistro,"['British', 'French', 'Thai']",Deleonland,Hancock Viaduct,-57.924886,63.200497,11:00 - 21:00,4.4,44,$$$$,"['Combo discount', 'Happy hours']",British,"['Kosher', 'Diabetes-Friendly']","['protein rich', 'low sugar']","['Sweet', 'Romantic']","['food_000071', 'food_000166', 'food_000230', 'food_000105', 'food_000158']"
restaurant_00038,Houston House,"['Turkish', 'African', 'Middle Eastern']",East Anita,Jeff Heights,-31.292947,36.84383,11:00 - 23:00,4.3,20,$$$,"['Happy hours', 'Combo discount']",Turkish,"['Paleo', 'Dairy-Free']","['gluten free', 'low calorie']","['Motivated', 'Festive']","['food_000322', 'food_000244', 'food_000074', 'food_000392', 'food_000317']"
restaurant_00039,Adams Tavern,"['Turkish', 'French']",Reyeshaven,Martinez Corner,47.604572,26.673951,9:00 - 23:00,3.0,20,$,"['Weekend special', 'Happy hours']",Turkish,"['Dairy-Free', 'Nut-Free']","['heart healthy', 'low sugar']","['Spicy', 'Comforting']","['food_000352', 'food_000317', 'food_000436', 'food_000293', 'food_000146']"
restaurant_00040,Brown Tavern,"['Mediterranean', 'Greek']",Lake Danielmouth,Stephen Mills,54.490987,108.713758,8:00 - 20:00,3.8,35,$$,"['Combo discount', 'Happy hours']",Mediterranean,"['Nut-Free', 'Keto']","['heart healthy', 'low calorie']","['Sunny', 'Nostalgic']","['food_000398', 'food_000300', 'food_000274', 'food_000015', 'food_000136']"
restaurant_00041,Meyer Cafe,"['South Indian', 'Australian']",Randyview,Gonzalez Landing,29.318642,5.317079,9:00 - 20:00,3.7,30,$$,"['10% off', 'Weekend special']",South Indian,"['Low Sodium', 'Low Sugar']","['protein rich', 'heart healthy']","['Energized', 'Sunny']","['food_000205', 'food_000149', 'food_000284', 'food_000309', 'food_000462']"
restaurant_00042,Baldwin Kitchen,['Brazilian'],Lake Ian,Casey Coves,-41.299276,120.082976,8:00 - 20:00,4.5,20,$$,"['Weekend special', 'Free delivery']",Brazilian,"['Vegan', 'Low Sodium']","['heart healthy', 'low sugar']","['Spicy', 'Savory']","['food_000122', 'food_000317', 'food_000305', 'food_000378', 'food_000243']"
restaurant_00043,Davidson Cafe,"['Latin American', 'Spanish', 'Thai']",South Phillipshire,Nicole Avenue,87.164639,-94.837536,7:00 - 23:00,4.6,20,$$$$,"['10% off', 'Weekend special']",Latin American,"['Low Sugar', 'Vegetarian']","['low sugar', 'heart healthy']","['Sunny', 'Romantic']","['food_000304', 'food_000455', 'food_000446', 'food_000399', 'food_000306']"
restaurant_00044,Santana Cafe,"['American Comfort', 'South Indian', 'Filipino']",Monroetown,Villarreal Curve,-20.267538,-145.047095,8:00 - 21:00,4.7,54,$$$,"['Combo discount', 'Happy hours']",American Comfort,"['Heart-Healthy', 'Dairy-Free']","['low calorie', 'heart healthy']","['Comfort', 'Romantic']","['food_000272', 'food_000242', 'food_000083', 'food_000213', 'food_000450']"
restaurant_00045,Wilson Grill,['South Indian'],South Rhonda,Christopher Gardens,23.58421,-106.543832,8:00 - 20:00,3.1,37,$,"['Combo discount', 'Weekend special']",South Indian,"['Low Carb', 'Gluten-Free']","['gluten free', 'low calorie']","['Sunny', 'Happy']","['food_000141', 'food_000341', 'food_000176', 'food_000489', 'food_000217']"
restaurant_00046,Rollins House,"['Brazilian', 'Filipino']",Danielfort,James Crest,-60.329756,158.399465,9:00 - 21:00,4.6,28,$$$,"['10% off', 'Combo discount']",Brazilian,"['Halal', 'Dairy-Free']","['gluten free', 'heart healthy']","['Happy', 'Adventurous']","['food_000162', 'food_000478', 'food_000218', 'food_000394', 'food_000092']"
restaurant_00047,Weaver Bistro,['Latin American'],North Monicaport,Mariah Unions,-30.278661,-102.436253,11:00 - 22:00,3.9,21,$,"['Combo discount', 'Happy hours']",Latin American,"['Dairy-Free', 'High Protein']","['heart healthy', 'low sugar']","['Spicy', 'Nostalgic']","['food_000351', 'food_000403', 'food_000167', 'food_000191', 'food_000306']"
restaurant_00048,Hall Bistro,"['Mexican', 'Caribbean', 'Middle Eastern']",New Barbaraport,Ronald Underpass,62.65857,114.401217,10:00 - 21:00,3.6,51,$,"['10% off', 'Free delivery']",Mexican,"['Dairy-Free', 'Low Sodium']","['low sugar', 'protein rich']","['Romantic', 'Focused']","['food_000360', 'food_000425', 'food_000442', 'food_000461', 'food_000306']"
restaurant_00049,Murillo Kitchen,['German'],Francoton,Ryan Common,-19.010439,57.028332,6:00 - 20:00,4.9,50,$$,"['Free delivery', 'Weekend special']",German,"['Heart-Healthy', 'High Protein']","['protein rich', 'heart healthy']","['Festive', 'Spicy']","['food_000329', 'food_000280', 'food_000375', 'food_000127', 'food_000317']"
restaurant_00050,Snow Cafe,"['Caribbean', 'British', 'Moroccan']",West Kathryn,Carolyn Stream,9.745893,-118.451092,10:00 - 22:00,3.3,42,$$$,"['Free delivery', 'Combo discount']",Caribbean,"['Keto', 'Low Sugar']","['low calorie', 'low sugar']","['Happy', 'Comforting']","['food_000315', 'food_000044', 'food_000230', 'food_000035', 'food_000029']"
restaurant_00051,Lewis Cafe,['Greek'],Perkinsberg,Jeffrey Spurs,-24.610894,35.743083,8:00 - 23:00,3.9,37,$,"['Happy hours', 'Free delivery']",Greek,"['Halal', 'Nut-Free']","['protein rich', 'low sugar']","['Adventurous', 'Nostalgic']","['food_000225', 'food_000448', 'food_000271', 'food_000375', 'food_000381']"
restaurant_00052,Hernandez Corner,"['French', 'Latin American', 'Brazilian']",Matthewfort,Castro Orchard,-68.565152,29.009145,11:00 - 23:00,3.4,38,$$$$,"['Weekend special', 'Free delivery']",French,"['Vegan', 'Low Sodium']","['protein rich', 'heart healthy']","['Peaceful', 'Spicy']","['food_000016', 'food_000114', 'food_000100', 'food_000064', 'food_000272']"
restaurant_00053,Thompson Bistro,"['Mediterranean', 'Peruvian']",Catherineville,Hodge Points,33.908551,-93.727466,11:00 - 21:00,3.9,22,$,"['Weekend special', 'Happy hours']",Mediterranean,"['Low Sodium', 'Kosher']","['gluten free', 'low calorie']","['Comforting', 'Focused']","['food_000246', 'food_000279', 'food_000244', 'food_000101', 'food_000005']"
restaurant_00054,Lloyd Cafe,"['Mexican', 'Middle Eastern', 'Caribbean']",Lloydside,Solomon Summit,-33.577032,-135.998231,11:00 - 22:00,3.8,62,$,"['Free delivery', 'Combo discount']",Mexican,"['High Protein', 'Diabetes-Friendly']","['gluten free', 'low calorie']","['Romantic', 'Peaceful']","['food_000290', 'food_000443', 'food_000055', 'food_000183', 'food_000218']"
restaurant_00055,Norman Grill,"['American Comfort', 'French']",Rosariofurt,Austin Shoals,66.484176,-1.236951,11:00 - 23:00,3.9,44,$$$,"['Free delivery', 'Happy hours']",American Comfort,"['Gluten-Free', 'Paleo']","['protein rich', 'gluten free']","['Sunny', 'Adventurous']","['food_000301', 'food_000310', 'food_000295', 'food_000132', 'food_000455']"
restaurant_00056,Anderson Tavern,"['Australian', 'Mexican', 'Italian']",Edwardport,Lisa Cape,-80.521508,31.515096,10:00 - 20:00,4.4,27,$$$,"['10% off', 'Combo discount']",Australian,"['Diabetes-Friendly', 'Keto']","['gluten free', 'low calorie']","['Spicy', 'Calm']","['food_000427', 'food_000477', 'food_000351', 'food_000363', 'food_000175']"
restaurant_00057,Richards Bistro,['British'],East Kelly,Andre Run,7.254464,-32.54445,10:00 - 22:00,4.8,30,$,"['Combo discount', 'Happy hours']",British,"['Low Carb', 'Halal']","['gluten free', 'low sugar']","['Savory', 'Motivated']","['food_000299', 'food_000190', 'food_000225', 'food_000088', 'food_000288']"
restaurant_00058,Thomas Cafe,"['Caribbean', 'Indonesian']",Hayeschester,Gina Mills,45.76207,-134.489372,10:00 - 20:00,4.7,23,$$$,"['Free delivery', 'Weekend special']",Caribbean,"['Gluten-Free', 'High Protein']","['gluten free', 'heart healthy']","['Spicy', 'Relaxed']","['food_000420', 'food_000071', 'food_000154', 'food_000271', 'food_000277']"
restaurant_00059,Delgado Bistro,"['Lebanese', 'Filipino', 'Peruvian']",Christinaton,Danielle Causeway,71.768464,-13.636045,8:00 - 22:00,4.8,36,$$$$,"['Combo discount', '10% off']",Lebanese,"['Low Carb', 'Kosher']","['protein rich', 'heart healthy']","['Happy', 'Focused']","['food_000268', 'food_000201', 'food_000054', 'food_000043', 'food_000094']"
restaurant_00060,Greene Grill,['Indonesian'],Patrickborough,Reed Fields,-52.214392,0.999896,9:00 - 20:00,4.6,56,$,"['Free delivery', 'Happy hours']",Indonesian,"['Gluten-Free', 'Paleo']","['low sugar', 'low calorie']","['Comfort', 'Sweet']","['food_000323', 'food_000434', 'food_000086', 'food_000427', 'food_000054']"
restaurant_00061,Simmons Tavern,"['Turkish', 'North Indian']",North Garyshire,Sharp Shore,-33.187879,21.698647,9:00 - 23:00,4.2,34,$$$,"['Combo discount', '10% off']",Turkish,"['Nut-Free', 'Halal']","['gluten free', 'low calorie']","['Motivated', 'Comfort']","['food_000394', 'food_000429', 'food_000343', 'food_000164', 'food_000100']"
restaurant_00062,Reynolds Bistro,"['Japanese', 'South Indian', 'German']",South Davidfort,Mary Junction,-68.065103,-93.192798,10:00 - 20:00,3.0,54,$,"['Free delivery', 'Happy hours']",Japanese,"['Dairy-Free', 'Gluten-Free']","['low sugar', 'gluten free']","['Romantic', 'Calm']","['food_000371', 'food_000219', 'food_000022', 'food_000294', 'food_000031']"
restaurant_00063,Pennington Grill,"['Caribbean', 'Brazilian', 'Spanish']",Reidport,Rhodes Pass,64.005347,78.18439,6:00 - 22:00,3.7,28,$,"['Combo discount', 'Free delivery']",Caribbean,"['Heart-Healthy', 'Keto']","['heart healthy', 'low calorie']","['Cheerful', 'Peaceful']","['food_000255', 'food_000106', 'food_000195', 'food_000388', 'food_000206']"
restaurant_00064,Brown Bistro,"['Mediterranean', 'American Comfort']",Andreamouth,James Walk,1.73826,35.850187,10:00 - 21:00,3.4,35,$$$,"['Weekend special', '10% off']",Mediterranean,"['Vegetarian', 'Nut-Free']","['low sugar', 'gluten free']","['Cozy', 'Relaxed']","['food_000188', 'food_000325', 'food_000490', 'food_000150', 'food_000231']"
restaurant_00065,Johnson Grill,['Mediterranean'],East Michellemouth,Murphy Hill,64.939352,115.348089,7:00 - 23:00,4.1,42,$$$,"['Combo discount', '10% off']",Mediterranean,"['Keto', 'Low Sugar']","['low sugar', 'protein rich']","['Sunny', 'Energized']","['food_000338', 'food_000069', 'food_000430', 'food_000261', 'food_000467']"
restaurant_00066,Mcdaniel Bistro,"['Vietnamese', 'Middle Eastern']",Waltersmouth,John Lodge,-84.928854,-122.973137,10:00 - 23:00,5.0,61,$$$$,"['Happy hours', 'Weekend special']",Vietnamese,"['Vegetarian', 'Low Sodium']","['protein rich', 'low sugar']","['Focused', 'Peaceful']","['food_000043', 'food_000194', 'food_000414', 'food_000131', 'food_000132']"
restaurant_00067,Martinez Kitchen,"['Moroccan', 'Mexican', 'Mediterranean']",East Kaitlynburgh,Olivia Junctions,70.794242,44.442664,11:00 - 23:00,4.9,40,$,"['Free delivery', 'Combo discount']",Moroccan,"['Dairy-Free', 'Low Sugar']","['low sugar', 'low calorie']","['Comforting', 'Romantic']","['food_000020', 'food_000097', 'food_000343', 'food_000287', 'food_000280']"
restaurant_00068,Patterson Kitchen,['Vietnamese'],Alexanderside,Payne Mall,-88.510939,-128.624428,9:00 - 21:00,3.8,52,$$,"['10% off', 'Combo discount']",Vietnamese,"['Low Carb', 'Nut-Free']","['low sugar', 'heart healthy']","['Romantic', 'Peaceful']","['food_000387', 'food_000297', 'food_000118', 'food_000304', 'food_000163']"
restaurant_00069,Clark Corner,['Filipino'],Schneiderborough,Jones Place,13.562004,27.047773,6:00 - 23:00,4.0,36,$,"['Weekend special', '10% off']",Filipino,"['Low Sodium', 'Gluten-Free']","['gluten free', 'low sugar']","['Savory', 'Peaceful']","['food_000233', 'food_000392', 'food_000139', 'food_000447', 'food_000164']"
restaurant_00070,Nash Corner,"['Latin American', 'Peruvian']",Danielston,Marquez Road,59.608467,96.090925,10:00 - 23:00,3.3,51,$$,"['10% off', 'Happy hours']",Latin American,"['Low Carb', 'Heart-Healthy']","['protein rich', 'low calorie']","['Cozy', 'Spicy']","['food_000492', 'food_000287', 'food_000062', 'food_000404', 'food_000055']"
restaurant_00071,Murphy Corner,"['Brazilian', 'Italian']",Lake Davidview,Mann Gardens,-53.442887,160.95997,10:00 - 20:00,4.0,33,$,"['Weekend special', 'Happy hours']",Brazilian,"['Heart-Healthy', 'Nut-Free']","['low sugar', 'protein rich']","['Calm', 'Social']","['food_000208', 'food_000146', 'food_000390', 'food_000244', 'food_000231']"
restaurant_00072,Scott Kitchen,"['Latin American', 'Healthy Fusion']",Brendanhaven,Hunt Terrace,18.907713,44.167917,6:00 - 22:00,3.4,60,$,"['Happy hours', '10% off']",Latin American,"['Low Sodium', 'Low Carb']","['protein rich', 'heart healthy']","['Adventurous', 'Comforting']","['food_000136', 'food_000404', 'food_000086', 'food_000497', 'food_000021']"
restaurant_00073,Bryant Cafe,['Indonesian'],North Stephanie,Tiffany Falls,65.22416,-96.248246,6:00 - 20:00,4.4,42,$$,"['Happy hours', 'Weekend special']",Indonesian,"['Paleo', 'Vegetarian']","['low sugar', 'gluten free']","['Relaxed', 'Comfort']","['food_000029', 'food_000363', 'food_000354', 'food_000254', 'food_000303']"
restaurant_00074,Wise Corner,"['Italian', 'Latin American', 'Turkish']",Estradamouth,Ian Spur,-61.279014,-46.356691,7:00 - 20:00,3.1,50,$$,"['Weekend special', 'Combo discount']",Italian,"['Keto', 'Nut-Free']","['protein rich', 'gluten free']","['Festive', 'Spicy']","['food_000488', 'food_000239', 'food_000015', 'food_000301', 'food_000374']"
restaurant_00075,Perry Grill,"['Vietnamese', 'East Asian', 'German']",East Patrick,Terrell Parks,86.933444,131.598055,10:00 - 23:00,3.4,31,$$$$,"['Combo discount', '10% off']",Vietnamese,"['Diabetes-Friendly', 'Pescatarian']","['low sugar', 'protein rich']","['Focused', 'Nostalgic']","['food_000008', 'food_000136', 'food_000427', 'food_000456', 'food_000356']"
restaurant_00076,Carrillo Grill,"['American Comfort', 'Middle Eastern', 'Mexican']",South Alexander,Charles Motorway,-70.581187,118.2374,6:00 - 20:00,3.4,44,$,"['Weekend special', 'Happy hours']",American Comfort,"['Keto', 'Halal']","['heart healthy', 'protein rich']","['Energized', 'Happy']","['food_000007', 'food_000077', 'food_000280', 'food_000205', 'food_000230']"
restaurant_00077,Savage Grill,"['Middle Eastern', 'North Indian', 'Filipino']",New Katiefurt,Mcclure Squares,50.226485,-168.552888,8:00 - 21:00,3.8,46,$$,"['Free delivery', '10% off']",Middle Eastern,"['Halal', 'Keto']","['heart healthy', 'low calorie']","['Comfort', 'Cheerful']","['food_000239', 'food_000244', 'food_000310', 'food_000161', 'food_000016']"
restaurant_00078,Young Kitchen,['Vietnamese'],East Amytown,Alvarez Springs,-65.418931,163.913384,10:00 - 20:00,3.1,49,$$,"['Free delivery', 'Happy hours']",Vietnamese,"['Gluten-Free', 'Keto']","['low calorie', 'heart healthy']","['Focused', 'Savory']","['food_000048', 'food_000056', 'food_000105', 'food_000277', 'food_000417']"
restaurant_00079,Aguilar Tavern,"['North Indian', 'German', 'Greek']",South Jean,Gomez Gardens,69.22791,55.830951,9:00 - 21:00,3.4,21,$$$$,"['Combo discount', 'Weekend special']",North Indian,"['Low Carb', 'Halal']","['heart healthy', 'low calorie']","['Happy', 'Romantic']","['food_000292', 'food_000086', 'food_000281', 'food_000414', 'food_000494']"
restaurant_00080,Hurst Kitchen,"['Brazilian', 'South Indian']",Hollyport,Moore Ramp,-43.769642,-91.843774,6:00 - 21:00,4.7,39,$$$$,"['Combo discount', 'Free delivery']",Brazilian,"['Low Sodium', 'Diabetes-Friendly']","['protein rich', 'low calorie']","['Sunny', 'Comfort']","['food_000074', 'food_000176', 'food_000093', 'food_000110', 'food_000467']"
restaurant_00081,Nelson House,"['Nordic', 'Mediterranean']",Gilbertview,Nicholas Extension,81.782975,148.990461,11:00 - 20:00,4.2,39,$$,"['Happy hours', 'Weekend special']",Nordic,"['Low Sodium', 'Low Sugar']","['gluten free', 'low calorie']","['Social', 'Focused']","['food_000216', 'food_000329', 'food_000321', 'food_000181', 'food_000162']"
restaurant_00082,Paul Kitchen,['Filipino'],Whiteland,Diana Creek,-5.341544,-151.594989,9:00 - 22:00,4.4,21,$$,"['Free delivery', 'Combo discount']",Filipino,"['Halal', 'Pescatarian']","['low sugar', 'gluten free']","['Romantic', 'Sunny']","['food_000019', 'food_000068', 'food_000055', 'food_000295', 'food_000342']"
restaurant_00083,Hammond Kitchen,"['Filipino', 'Spanish']",Joseton,Douglas Club,-59.268684,-25.247863,9:00 - 22:00,4.5,54,$,"['Happy hours', 'Combo discount']",Filipino,"['Diabetes-Friendly', 'Low Carb']","['heart healthy', 'gluten free']","['Adventurous', 'Social']","['food_000238', 'food_000195', 'food_000031', 'food_000465', 'food_000005']"
restaurant_00084,Rodriguez House,"['Italian', 'French', 'Korean']",New Susan,Kimberly Plains,-85.745591,89.712516,9:00 - 20:00,5.0,27,$$$,"['Weekend special', '10% off']",Italian,"['Diabetes-Friendly', 'Paleo']","['gluten free', 'protein rich']","['Relaxed', 'Cozy']","['food_000154', 'food_000023', 'food_000026', 'food_000207', 'food_000293']"
restaurant_00085,Huerta Grill,"['Nordic', 'Greek', 'Filipino']",Davisland,Santiago Summit,-19.253138,166.301188,11:00 - 21:00,4.7,40,$$,"['Free delivery', 'Combo discount']",Nordic,"['Low Carb', 'Diabetes-Friendly']","['heart healthy', 'low sugar']","['Motivated', 'Energized']","['food_000259', 'food_000081', 'food_000061', 'food_000115', 'food_000294']"
restaurant_00086,Garcia House,"['Caribbean', 'Italian']",Port Anthony,Smith Well,-56.251502,77.189724,6:00 - 21:00,3.1,30,$$$$,"['Free delivery', 'Happy hours']",Caribbean,"['Paleo', 'Pescatarian']","['low calorie', 'low sugar']","['Cheerful', 'Comfort']","['food_000450', 'food_000107', 'food_000390', 'food_000112', 'food_000002']"
restaurant_00087,Allen Kitchen,['South Indian'],Toddton,Douglas Summit,-45.239972,-74.991309,11:00 - 23:00,3.9,57,$$$$,"['10% off', 'Weekend special']",South Indian,"['Vegetarian', 'Low Carb']","['gluten free', 'low calorie']","['Romantic', 'Festive']","['food_000061', 'food_000208', 'food_000409', 'food_000002', 'food_000012']"
restaurant_00088,Owens House,['Japanese'],Port Monicastad,Lawson Ranch,57.671996,-130.009062,9:00 - 21:00,4.9,57,$$,"['Weekend special', 'Happy hours']",Japanese,"['Vegan', 'Low Sugar']","['low calorie', 'low sugar']","['Nostalgic', 'Spicy']","['food_000432', 'food_000487', 'food_000043', 'food_000483', 'food_000438']"
restaurant_00089,Butler Corner,"['Mexican', 'Vietnamese', 'Italian']",Lake Angelaport,Jacob Harbor,-45.910107,-161.761609,10:00 - 22:00,4.4,35,$$$$,"['Happy hours', '10% off']",Mexican,"['Keto', 'Halal']","['protein rich', 'heart healthy']","['Relaxed', 'Romantic']","['food_000268', 'food_000452', 'food_000044', 'food_000163', 'food_000048']"
restaurant_00090,Beasley Grill,"['Spanish', 'Indonesian', 'Thai']",Simonburgh,Hernandez Way,-30.649304,-129.052216,10:00 - 22:00,3.3,21,$$$,"['Free delivery', 'Combo discount']",Spanish,"['Vegetarian', 'Vegan']","['low sugar', 'protein rich']","['Cheerful', 'Calm']","['food_000143', 'food_000212', 'food_000211', 'food_000016', 'food_000229']"
restaurant_00091,Miller Cafe,"['Turkish', 'Lebanese']",Bradymouth,Dalton Club,-38.990961,140.605478,8:00 - 23:00,3.9,29,$$$,"['10% off', 'Weekend special']",Turkish,"['Vegan', 'Low Carb']","['protein rich', 'low sugar']","['Comfort', 'Adventurous']","['food_000362', 'food_000395', 'food_000277', 'food_000467', 'food_000047']"
restaurant_00092,Martinez Grill,"['East Asian', 'Filipino', 'Indonesian']",New Shawnchester,Cody Alley,2.401007,34.726863,8:00 - 20:00,3.3,45,$$,"['Free delivery', '10% off']",East Asian,"['Halal', 'Low Carb']","['low calorie', 'heart healthy']","['Festive', 'Cheerful']","['food_000464', 'food_000070', 'food_000240', 'food_000117', 'food_000405']"
restaurant_00093,Greene Cafe,"['American Comfort', 'Mexican', 'French']",Port Sharon,Helen Drive,81.186295,-99.983095,9:00 - 20:00,3.0,25,$$,"['Free delivery', '10% off']",American Comfort,"['Paleo', 'Low Carb']","['low sugar', 'low calorie']","['Spicy', 'Romantic']","['food_000352', 'food_000215', 'food_000481', 'food_000036', 'food_000322']"
restaurant_00094,Roberts Bistro,"['Caribbean', 'Thai', 'Turkish']",Carrilloland,Austin Neck,-38.364355,131.859924,9:00 - 20:00,4.8,23,$,"['Happy hours', 'Free delivery']",Caribbean,"['High Protein', 'Vegetarian']","['low sugar', 'heart healthy']","['Cozy', 'Comfort']","['food_000028', 'food_000044', 'food_000066', 'food_000288', 'food_000125']"
restaurant_00095,Dunn House,['Korean'],Kylieberg,Farrell Overpass,-84.667551,80.426262,11:00 - 21:00,3.4,28,$,"['Weekend special', 'Happy hours']",Korean,"['Gluten-Free', 'Low Sodium']","['low calorie', 'protein rich']","['Comfort', 'Festive']","['food_000485', 'food_000273', 'food_000367', 'food_000192', 'food_000006']"
restaurant_00096,Fisher Tavern,"['Mexican', 'Nordic', 'Caribbean']",North Laurenfort,Perez Island,82.029652,97.885394,11:00 - 22:00,3.6,22,$$,"['Combo discount', 'Free delivery']",Mexican,"['Paleo', 'High Protein']","['heart healthy', 'protein rich']","['Nostalgic', 'Sunny']","['food_000423', 'food_000495', 'food_000013', 'food_000055', 'food_000319']"
restaurant_00097,Smith Kitchen,"['Healthy Fusion', 'South Indian']",West Jacqueline,Chandler Prairie,-0.140295,87.667808,11:00 - 21:00,4.9,39,$$$,"['Happy hours', 'Free delivery']",Healthy Fusion,"['Low Carb', 'Keto']","['low sugar', 'heart healthy']","['Relaxed', 'Happy']","['food_000210', 'food_000274', 'food_000087', 'food_000084', 'food_000482']"
restaurant_00098,Hanson Cafe,['German'],North Tanyamouth,Shane Station,58.689028,60.544262,7:00 - 23:00,3.9,20,$$,"['Weekend special', 'Happy hours']",German,"['Pescatarian', 'Halal']","['heart healthy', 'low sugar']","['Sunny', 'Adventurous']","['food_000439', 'food_000067', 'food_000142', 'food_000040', 'food_000490']"
restaurant_00099,Rose House,"['African', 'Mexican']",Scottville,Stephen Ford,1.91461,123.951306,10:00 - 22:00,3.9,25,$$$$,"['Free delivery', '10% off']",African,"['Low Sugar', 'Low Sodium']","['low calorie', 'gluten free']","['Cozy', 'Romantic']","['food_000413', 'food_000262', 'food_000156', 'food_000257', 'food_000290']"
restaurant_00100,White Tavern,"['East Asian', 'Healthy Fusion']",Joyshire,Smith Forks,65.536995,112.210209,8:00 - 20:00,3.6,46,$$$,"['Happy hours', 'Free delivery']",East Asian,"['Keto', 'Gluten-Free']","['low calorie', 'low sugar']","['Cozy', 'Festive']","['food_000310', 'food_000378', 'food_000385', 'food_000183', 'food_000084']"
restaurant_00101,Fox Cafe,"['Turkish', 'Australian']",South Stephen,Lindsay Lights,-86.905456,-36.119008,11:00 - 22:00,4.6,61,$$,"['10% off', 'Weekend special']",Turkish,"['Keto', 'Nut-Free']","['gluten free', 'heart healthy']","['Social', 'Spicy']","['food_000282', 'food_000042', 'food_000272', 'food_000076', 'food_000238']"
restaurant_00102,Hancock Bistro,['Peruvian'],Port Ericashire,Cobb Bypass,-47.969689,-98.87497,11:00 - 22:00,4.0,52,$$$$,"['Free delivery', '10% off']",Peruvian,"['Low Carb', 'Dairy-Free']","['heart healthy', 'low calorie']","['Sunny', 'Savory']","['food_000133', 'food_000444', 'food_000397', 'food_000010', 'food_000178']"
restaurant_00103,Reed Corner,['Brazilian'],Port Samuel,Douglas Shoals,88.733395,-114.571859,7:00 - 22:00,3.6,62,$,"['Combo discount', '10% off']",Brazilian,"['Low Sodium', 'Keto']","['low calorie', 'gluten free']","['Sunny', 'Energized']","['food_000160', 'food_000313', 'food_000381', 'food_000487', 'food_000271']"
restaurant_00104,Hammond Tavern,['Brazilian'],Angelabury,Laura Trail,-0.599173,-143.827159,11:00 - 23:00,3.1,23,$$,"['Free delivery', 'Weekend special']",Brazilian,"['Vegan', 'Halal']","['protein rich', 'low calorie']","['Savory', 'Motivated']","['food_000282', 'food_000424', 'food_000304', 'food_000319', 'food_000310']"
restaurant_00105,Cuevas Kitchen,['Mediterranean'],New Jaredberg,Johnson Inlet,-84.161928,-175.24572,8:00 - 23:00,4.6,35,$$$,"['10% off', 'Happy hours']",Mediterranean,"['Keto', 'Dairy-Free']","['heart healthy', 'gluten free']","['Energized', 'Romantic']","['food_000453', 'food_000323', 'food_000388', 'food_000199', 'food_000475']"
restaurant_00106,Carroll Bistro,"['Moroccan', 'British']",Lake Shelbyhaven,Gallegos Passage,39.916537,-86.986616,10:00 - 22:00,4.7,60,$,"['Happy hours', 'Combo discount']",Moroccan,"['Halal', 'Heart-Healthy']","['low calorie', 'gluten free']","['Relaxed', 'Social']","['food_000491', 'food_000225', 'food_000175', 'food_000115', 'food_000173']"
restaurant_00107,Jackson House,['British'],New Jonathan,Walter Extensions,-85.925913,152.144632,10:00 - 23:00,4.0,20,$,"['Happy hours', 'Free delivery']",British,"['Heart-Healthy', 'Dairy-Free']","['low calorie', 'protein rich']","['Motivated', 'Romantic']","['food_000485', 'food_000213', 'food_000055', 'food_000219', 'food_000015']"
restaurant_00108,Andrews House,"['Greek', 'Latin American', 'Nordic']",Billyberg,Caldwell Glens,85.670633,-124.333659,7:00 - 23:00,3.5,51,$$$$,"['10% off', 'Free delivery']",Greek,"['Diabetes-Friendly', 'Low Sodium']","['protein rich', 'low calorie']","['Motivated', 'Cozy']","['food_000287', 'food_000443', 'food_000055', 'food_000461', 'food_000463']"
restaurant_00109,Williams Kitchen,['Australian'],Gonzalezton,Ryan Gardens,8.465379,62.545109,11:00 - 22:00,4.6,49,$$$,"['Weekend special', '10% off']",Australian,"['Vegetarian', 'Gluten-Free']","['low sugar', 'gluten free']","['Social', 'Adventurous']","['food_000110', 'food_000449', 'food_000203', 'food_000494', 'food_000096']"
restaurant_00110,Huff Bistro,['Japanese'],Whiteborough,Rivera Key,52.081563,-41.597361,11:00 - 23:00,4.1,49,$,"['Combo discount', 'Happy hours']",Japanese,"['Diabetes-Friendly', 'Vegetarian']","['heart healthy', 'gluten free']","['Comforting', 'Relaxed']","['food_000224', 'food_000318', 'food_000354', 'food_000061', 'food_000126']"
restaurant_00111,Gillespie House,"['British', 'German']",Lake Robertview,Eddie Plaza,-73.900316,-160.229264,6:00 - 23:00,4.8,29,$$,"['Happy hours', '10% off']",British,"['Vegetarian', 'High Protein']","['low calorie', 'protein rich']","['Social', 'Comforting']","['food_000024', 'food_000482', 'food_000489', 'food_000417', 'food_000333']"
restaurant_00112,Brown House,"['African', 'Australian']",Lake Marissa,Lisa Lodge,-39.227526,-103.722729,11:00 - 20:00,4.2,34,$$,"['Weekend special', 'Free delivery']",African,"['Dairy-Free', 'Low Carb']","['low sugar', 'low calorie']","['Calm', 'Comfort']","['food_000006', 'food_000155', 'food_000468', 'food_000055', 'food_000379']"
restaurant_00113,Thomas Tavern,"['Australian', 'Mediterranean', 'Brazilian']",West Kellychester,Donna Centers,-33.049292,-97.692063,7:00 - 20:00,3.7,24,$,"['Happy hours', 'Weekend special']",Australian,"['Halal', 'Kosher']","['gluten free', 'heart healthy']","['Nostalgic', 'Sunny']","['food_000366', 'food_000407', 'food_000126', 'food_000119', 'food_000342']"
restaurant_00114,Cervantes Corner,"['Peruvian', 'Caribbean', 'Healthy Fusion']",Donaldmouth,Michael Union,8.991111,-146.349936,8:00 - 20:00,4.6,37,$$$,"['Happy hours', 'Weekend special']",Peruvian,"['Low Carb', 'Kosher']","['protein rich', 'heart healthy']","['Peaceful', 'Sweet']","['food_000404', 'food_000218', 'food_000439', 'food_000492', 'food_000063']"
restaurant_00115,Santos Cafe,"['Healthy Fusion', 'Spanish']",New Shannon,Matthews Island,-32.228709,95.370614,6:00 - 21:00,4.1,24,$$$,"['Happy hours', 'Weekend special']",Healthy Fusion,"['Nut-Free', 'Kosher']","['low calorie', 'protein rich']","['Calm', 'Sweet']","['food_000191', 'food_000392', 'food_000289', 'food_000255', 'food_000260']"
restaurant_00116,Davis Kitchen,"['Thai', 'Italian']",East Bradton,Johnson Pike,-22.251502,157.999778,6:00 - 23:00,3.3,44,$$,"['10% off', 'Free delivery']",Thai,"['Dairy-Free', 'Kosher']","['low sugar', 'heart healthy']","['Comforting', 'Festive']","['food_000217', 'food_000396', 'food_000237', 'food_000240', 'food_000073']"
restaurant_00117,Diaz Kitchen,"['Mediterranean', 'Korean']",West Debra,Spears Rue,-85.083036,-106.713287,10:00 - 23:00,3.2,44,$,"['Combo discount', 'Happy hours']",Mediterranean,"['High Protein', 'Diabetes-Friendly']","['low calorie', 'protein rich']","['Romantic', 'Happy']","['food_000163', 'food_000158', 'food_000117', 'food_000272', 'food_000009']"
restaurant_00118,Randolph Corner,['African'],Mcdonaldburgh,Lane Meadow,-36.628767,-153.75745,8:00 - 22:00,4.4,62,$$$$,"['Free delivery', 'Happy hours']",African,"['Vegan', 'Gluten-Free']","['gluten free', 'protein rich']","['Cheerful', 'Festive']","['food_000395', 'food_000385', 'food_000202', 'food_000351', 'food_000271']"
restaurant_00119,Mcdonald Tavern,['African'],Markfort,Greene Greens,-56.531431,5.82999,8:00 - 20:00,3.9,47,$$$$,"['Combo discount', 'Free delivery']",African,"['Vegetarian', 'High Protein']","['heart healthy', 'protein rich']","['Adventurous', 'Happy']","['food_000485', 'food_000035', 'food_000441', 'food_000428', 'food_000362']"
restaurant_00120,Davis Bistro,"['American Comfort', 'German']",Wagnerbury,Mason Fall,-4.340161,68.986279,8:00 - 21:00,3.4,53,$$$$,"['Happy hours', 'Weekend special']",American Comfort,"['Vegan', 'Low Sugar']","['low calorie', 'low sugar']","['Peaceful', 'Savory']","['food_000202', 'food_000303', 'food_000348', 'food_000120', 'food_000091']"
restaurant_00121,Moss Kitchen,"['Caribbean', 'Nordic', 'Thai']",South Eric,Hill Club,-43.252517,-55.132871,6:00 - 21:00,3.9,56,$$,"['Happy hours', '10% off']",Caribbean,"['Nut-Free', 'Dairy-Free']","['heart healthy', 'gluten free']","['Festive', 'Comfort']","['food_000161', 'food_000099', 'food_000350', 'food_000336', 'food_000378']"
restaurant_00122,Henderson Cafe,"['Korean', 'North Indian']",South Bryan,Benson Cliff,0.034493,137.460917,9:00 - 22:00,3.7,30,$$$$,"['Happy hours', '10% off']",Korean,"['Vegetarian', 'Keto']","['gluten free', 'low sugar']","['Adventurous', 'Focused']","['food_000245', 'food_000108', 'food_000441', 'food_000207', 'food_000384']"
restaurant_00123,Jackson Corner,['Korean'],Vanessaville,Meyer Center,-57.552772,74.219961,7:00 - 21:00,4.0,26,$$,"['10% off', 'Happy hours']",Korean,"['Halal', 'Nut-Free']","['heart healthy', 'gluten free']","['Savory', 'Romantic']","['food_000496', 'food_000252', 'food_000055', 'food_000217', 'food_000085']"
restaurant_00124,Freeman Kitchen,"['Middle Eastern', 'Lebanese']",South Madison,Wood Harbor,-69.476392,-83.446248,10:00 - 23:00,4.2,34,$$$,"['10% off', 'Combo discount']",Middle Eastern,"['Low Sodium', 'Vegan']","['heart healthy', 'low calorie']","['Social', 'Sweet']","['food_000439', 'food_000413', 'food_000092', 'food_000096', 'food_000016']"
restaurant_00125,Nelson Bistro,"['Mexican', 'Turkish', 'Australian']",Bryantshire,Nicole Plaza,-72.782035,172.547396,8:00 - 21:00,4.4,37,$,"['Happy hours', '10% off']",Mexican,"['Vegan', 'Low Sugar']","['gluten free', 'low calorie']","['Relaxed', 'Motivated']","['food_000238', 'food_000453', 'food_000455', 'food_000389', 'food_000010']"
restaurant_00126,Cooper Bistro,['Japanese'],Walkershire,Hernandez Mill,-9.78332,100.271656,8:00 - 20:00,4.9,38,$$,"['Weekend special', 'Free delivery']",Japanese,"['Low Sugar', 'Gluten-Free']","['heart healthy', 'gluten free']","['Focused', 'Festive']","['food_000470', 'food_000144', 'food_000193', 'food_000296', 'food_000115']"
restaurant_00127,Jones Corner,['Peruvian'],Dodsonside,Parks Junction,-61.216257,-79.690659,9:00 - 23:00,5.0,55,$$$$,"['10% off', 'Free delivery']",Peruvian,"['Vegan', 'Halal']","['heart healthy', 'low sugar']","['Festive', 'Energized']","['food_000081', 'food_000452', 'food_000180', 'food_000316', 'food_000374']"
restaurant_00128,Anderson House,"['Caribbean', 'Latin American', 'British']",Port Matthewton,Jeanne Parkways,42.868818,-99.048121,9:00 - 21:00,5.0,51,$$,"['Free delivery', '10% off']",Caribbean,"['Low Sodium', 'Heart-Healthy']","['gluten free', 'low calorie']","['Sunny', 'Calm']","['food_000179', 'food_000334', 'food_000025', 'food_000153', 'food_000500']"
restaurant_00129,Haney Corner,"['Brazilian', 'Mexican', 'North Indian']",North Jennifer,Mary Shores,59.480131,78.669468,9:00 - 23:00,4.3,30,$$,"['Happy hours', 'Free delivery']",Brazilian,"['Dairy-Free', 'Low Sodium']","['protein rich', 'heart healthy']","['Festive', 'Sweet']","['food_000192', 'food_000012', 'food_000232', 'food_000371', 'food_000001']"
restaurant_00130,Weber House,"['Mexican', 'French', 'Brazilian']",Angelaburgh,Thompson Cape,-14.634747,-1.741786,8:00 - 23:00,4.7,21,$,"['Free delivery', '10% off']",Mexican,"['Vegetarian', 'Nut-Free']","['low calorie', 'protein rich']","['Savory', 'Energized']","['food_000085', 'food_000096', 'food_000396', 'food_000040', 'food_000463']"
restaurant_00131,Macias Cafe,"['African', 'Brazilian']",Sampsonbury,Jasmine Rapids,21.545374,-79.382582,10:00 - 20:00,4.2,31,$$,"['Free delivery', 'Combo discount']",African,"['Low Sugar', 'Keto']","['protein rich', 'gluten free']","['Comfort', 'Focused']","['food_000126', 'food_000184', 'food_000035', 'food_000021', 'food_000079']"
restaurant_00132,Aguilar Corner,"['African', 'Indonesian']",East Stacy,Edwards Harbors,-28.070557,170.433159,6:00 - 21:00,5.0,38,$$$,"['Combo discount', '10% off']",African,"['High Protein', 'Pescatarian']","['heart healthy', 'low sugar']","['Social', 'Savory']","['food_000387', 'food_000398', 'food_000126', 'food_000099', 'food_000449']"
restaurant_00133,Leon Bistro,"['Peruvian', 'Healthy Fusion']",New Davidtown,Anthony Ways,75.444556,33.154379,7:00 - 20:00,4.6,21,$$$$,"['Combo discount', 'Free delivery']",Peruvian,"['Keto', 'Gluten-Free']","['low sugar', 'gluten free']","['Relaxed', 'Focused']","['food_000451', 'food_000297', 'food_000030', 'food_000228', 'food_000400']"
restaurant_00134,Small Cafe,"['Japanese', 'Caribbean', 'Filipino']",Andreaville,Garcia Valley,81.248192,-137.554417,7:00 - 23:00,3.8,24,$$,"['Happy hours', 'Weekend special']",Japanese,"['Dairy-Free', 'Diabetes-Friendly']","['low sugar', 'gluten free']","['Focused', 'Relaxed']","['food_000465', 'food_000008', 'food_000197', 'food_000094', 'food_000305']"
restaurant_00135,Allen Corner,"['Indonesian', 'Mediterranean']",Lisabury,Williams Junction,72.303668,-56.916782,6:00 - 21:00,3.4,48,$$,"['10% off', 'Free delivery']",Indonesian,"['Keto', 'High Protein']","['low sugar', 'protein rich']","['Sunny', 'Adventurous']","['food_000484', 'food_000217', 'food_000438', 'food_000487', 'food_000141']"
restaurant_00136,Pennington Tavern,"['East Asian', 'Moroccan']",Williamsport,Taylor Drive,-44.662587,-142.961178,7:00 - 20:00,4.8,47,$$$$,"['10% off', 'Happy hours']",East Asian,"['High Protein', 'Vegetarian']","['low calorie', 'protein rich']","['Spicy', 'Festive']","['food_000162', 'food_000448', 'food_000071', 'food_000139', 'food_000032']"
restaurant_00137,Nunez Bistro,['British'],Brittanyfurt,Serrano Shores,-78.696972,68.789966,8:00 - 22:00,3.0,26,$,"['Combo discount', 'Free delivery']",British,"['Paleo', 'Vegan']","['gluten free', 'low calorie']","['Nostalgic', 'Calm']","['food_000342', 'food_000431', 'food_000026', 'food_000265', 'food_000436']"
restaurant_00138,Lopez Tavern,"['Filipino', 'Turkish']",Port Danielborough,Reyes Ranch,24.788025,-86.065802,10:00 - 21:00,3.7,36,$$$$,"['Free delivery', 'Weekend special']",Filipino,"['Gluten-Free', 'Low Carb']","['gluten free', 'protein rich']","['Festive', 'Cheerful']","['food_000359', 'food_000478', 'food_000277', 'food_000406', 'food_000057']"
restaurant_00139,Foster House,['German'],Carterville,Wilson Wall,-35.547999,15.383355,9:00 - 20:00,3.9,60,$,"['Happy hours', 'Free delivery']",German,"['Low Sugar', 'Heart-Healthy']","['protein rich', 'gluten free']","['Sweet', 'Savory']","['food_000286', 'food_000221', 'food_000182', 'food_000049', 'food_000184']"
restaurant_00140,Martin Corner,"['North Indian', 'Middle Eastern', 'Caribbean']",Margaretborough,Kellie Courts,38.954096,59.584381,9:00 - 22:00,3.1,53,$$$$,"['Combo discount', 'Weekend special']",North Indian,"['Low Sugar', 'Pescatarian']","['gluten free', 'protein rich']","['Cheerful', 'Cozy']","['food_000364', 'food_000407', 'food_000245', 'food_000070', 'food_000208']"
restaurant_00141,Bauer Corner,['South Indian'],Jessicamouth,Colleen Junctions,-18.378255,-134.881455,10:00 - 21:00,3.7,33,$$$,"['Combo discount', 'Weekend special']",South Indian,"['Gluten-Free', 'Kosher']","['gluten free', 'heart healthy']","['Focused', 'Spicy']","['food_000082', 'food_000089', 'food_000094', 'food_000446', 'food_000180']"
restaurant_00142,Mcdonald Kitchen,['Spanish'],North Alexandraport,Anne Key,-26.519625,106.493189,11:00 - 23:00,3.3,39,$$,"['Happy hours', 'Free delivery']",Spanish,"['Pescatarian', 'Keto']","['gluten free', 'low sugar']","['Focused', 'Comfort']","['food_000047', 'food_000436', 'food_000485', 'food_000087', 'food_000406']"
restaurant_00143,Martin Bistro,['Filipino'],Heidifort,Nathaniel Points,-74.305888,25.103378,7:00 - 20:00,4.6,58,$$$,"['Happy hours', 'Weekend special']",Filipino,"['Low Sodium', 'Pescatarian']","['heart healthy', 'low calorie']","['Adventurous', 'Cozy']","['food_000205', 'food_000001', 'food_000135', 'food_000471', 'food_000426']"
restaurant_00144,Henry Cafe,['Turkish'],Andreshire,Kathryn Cliffs,-12.544457,-113.359844,9:00 - 22:00,4.3,21,$$$,"['Free delivery', '10% off']",Turkish,"['Vegan', 'Halal']","['low calorie', 'protein rich']","['Calm', 'Comforting']","['food_000391', 'food_000103', 'food_000276', 'food_000318', 'food_000091']"
restaurant_00145,Lee Bistro,['French'],West Charles,Maldonado Divide,-73.143694,161.869575,7:00 - 23:00,4.7,64,$$$$,"['10% off', 'Happy hours']",French,"['Vegetarian', 'Heart-Healthy']","['gluten free', 'protein rich']","['Motivated', 'Happy']","['food_000338', 'food_000020', 'food_000165', 'food_000205', 'food_000144']"
restaurant_00146,Brown Tavern,['Filipino'],West Amberbury,Kristina Village,59.571622,-160.238556,9:00 - 21:00,3.8,33,$$$$,"['Weekend special', 'Combo discount']",Filipino,"['Vegetarian', 'Diabetes-Friendly']","['gluten free', 'low sugar']","['Calm', 'Motivated']","['food_000089', 'food_000103', 'food_000139', 'food_000217', 'food_000047']"
restaurant_00147,Young Tavern,"['Moroccan', 'East Asian']",East Amychester,Brandi Port,31.193402,-105.98904,7:00 - 23:00,3.2,61,$$,"['Weekend special', 'Combo discount']",Moroccan,"['Dairy-Free', 'Halal']","['low calorie', 'heart healthy']","['Nostalgic', 'Adventurous']","['food_000481', 'food_000103', 'food_000367', 'food_000051', 'food_000200']"
restaurant_00148,Perkins Cafe,"['African', 'Brazilian']",Davisburgh,Gomez Vista,-69.065243,89.591688,9:00 - 21:00,3.9,62,$$$,"['Happy hours', 'Combo discount']",African,"['Diabetes-Friendly', 'Low Sugar']","['low calorie', 'heart healthy']","['Social', 'Festive']","['food_000310', 'food_000150', 'food_000093', 'food_000320', 'food_000500']"
restaurant_00149,Mcdowell Kitchen,"['African', 'Mexican']",West Timothyhaven,Alexandra Loaf,-4.791335,129.00528,6:00 - 23:00,3.0,25,$,"['Happy hours', 'Free delivery']",African,"['Low Sodium', 'Paleo']","['protein rich', 'low calorie']","['Focused', 'Nostalgic']","['food_000287', 'food_000113', 'food_000228', 'food_000158', 'food_000137']"
restaurant_00150,Taylor Corner,"['Mediterranean', 'Nordic']",Lake Jenniferport,Megan Ridges,-59.720712,-83.279435,9:00 - 22:00,4.6,52,$$$$,"['Happy hours', 'Combo discount']",Mediterranean,"['Heart-Healthy', 'Dairy-Free']","['low calorie', 'protein rich']","['Comforting', 'Nostalgic']","['food_000396', 'food_000275', 'food_000190', 'food_000382', 'food_000116']"
restaurant_00151,Wells Tavern,['Mexican'],East Frank,Diane Ways,-39.442683,-11.660227,7:00 - 23:00,4.5,37,$,"['10% off', 'Weekend special']",Mexican,"['Vegetarian', 'Dairy-Free']","['low sugar', 'protein rich']","['Peaceful', 'Cheerful']","['food_000321', 'food_000454', 'food_000161', 'food_000247', 'food_000380']"
restaurant_00152,Gonzalez Cafe,['Mediterranean'],Laurashire,White Roads,40.70034,-95.5959,10:00 - 20:00,4.7,22,$$$$,"['Weekend special', 'Free delivery']",Mediterranean,"['Diabetes-Friendly', 'Low Carb']","['low calorie', 'low sugar']","['Cozy', 'Energized']","['food_000157', 'food_000251', 'food_000434', 'food_000332', 'food_000326']"
restaurant_00153,Crawford Tavern,"['Latin American', 'French', 'Healthy Fusion']",Roberttown,Vaughn Plains,0.933989,146.350533,8:00 - 22:00,3.4,23,$$$$,"['Happy hours', 'Weekend special']",Latin American,"['Gluten-Free', 'Low Carb']","['heart healthy', 'low sugar']","['Cozy', 'Festive']","['food_000459', 'food_000213', 'food_000435', 'food_000240', 'food_000068']"
restaurant_00154,Garrison Grill,"['Nordic', 'Healthy Fusion']",West Timothyberg,Stephanie Ranch,9.621485,111.288671,6:00 - 22:00,4.3,64,$$$$,"['10% off', 'Combo discount']",Nordic,"['Vegan', 'Vegetarian']","['protein rich', 'heart healthy']","['Happy', 'Focused']","['food_000296', 'food_000432', 'food_000057', 'food_000006', 'food_000398']"
restaurant_00155,Ruiz House,"['Caribbean', 'North Indian']",Angelaland,Murphy Fields,26.966174,121.546055,9:00 - 20:00,3.6,35,$$$$,"['Combo discount', 'Happy hours']",Caribbean,"['Pescatarian', 'Vegetarian']","['low sugar', 'low calorie']","['Calm', 'Savory']","['food_000228', 'food_000137', 'food_000469', 'food_000218', 'food_000304']"
restaurant_00156,George House,['American Comfort'],Brittanybury,Alvarez Islands,-18.655552,52.060361,11:00 - 21:00,3.0,45,$,"['Happy hours', '10% off']",American Comfort,"['Paleo', 'Gluten-Free']","['protein rich', 'heart healthy']","['Cozy', 'Happy']","['food_000467', 'food_000295', 'food_000329', 'food_000144', 'food_000398']"
restaurant_00157,Oliver Kitchen,"['South Indian', 'Nordic', 'Greek']",North Ashley,Perez Landing,1.455345,2.544012,8:00 - 21:00,4.0,41,$$$$,"['Weekend special', '10% off']",South Indian,"['Kosher', 'High Protein']","['protein rich', 'heart healthy']","['Social', 'Nostalgic']","['food_000349', 'food_000417', 'food_000087', 'food_000357', 'food_000264']"
restaurant_00158,Monroe Grill,"['Peruvian', 'Greek', 'Nordic']",Melanietown,Cristina Cove,87.734056,-171.334658,8:00 - 22:00,4.7,62,$$$$,"['Combo discount', 'Free delivery']",Peruvian,"['Paleo', 'Pescatarian']","['low calorie', 'heart healthy']","['Energized', 'Festive']","['food_000332', 'food_000439', 'food_000288', 'food_000217', 'food_000392']"
restaurant_00159,Mueller Grill,['Spanish'],Pearsonburgh,Michael Lights,32.902918,-20.598512,9:00 - 23:00,3.4,23,$$$$,"['10% off', 'Happy hours']",Spanish,"['Low Sodium', 'Dairy-Free']","['low calorie', 'heart healthy']","['Social', 'Sweet']","['food_000298', 'food_000091', 'food_000393', 'food_000429', 'food_000261']"
restaurant_00160,Gibson Corner,"['Mediterranean', 'Moroccan', 'Turkish']",Bowmanfurt,Nathan Walk,-1.703149,22.266823,9:00 - 22:00,4.9,33,$$,"['Free delivery', 'Happy hours']",Mediterranean,"['Gluten-Free', 'High Protein']","['low calorie', 'heart healthy']","['Nostalgic', 'Festive']","['food_000088', 'food_000208', 'food_000301', 'food_000150', 'food_000081']"
restaurant_00161,Newton Kitchen,['British'],Westton,Martinez Track,85.045706,-148.644707,7:00 - 22:00,3.6,60,$$,"['Weekend special', '10% off']",British,"['Keto', 'Paleo']","['low sugar', 'heart healthy']","['Motivated', 'Comfort']","['food_000195', 'food_000307', 'food_000092', 'food_000033', 'food_000316']"
restaurant_00162,Gray Cafe,"['Korean', 'American Comfort', 'South Indian']",Masonbury,Taylor Inlet,-43.476562,38.612943,7:00 - 22:00,3.5,52,$$$,"['Combo discount', 'Free delivery']",Korean,"['Vegan', 'Halal']","['protein rich', 'low calorie']","['Motivated', 'Spicy']","['food_000058', 'food_000213', 'food_000242', 'food_000258', 'food_000441']"
restaurant_00163,Aguilar Kitchen,"['Indonesian', 'Japanese']",Port Kayla,Ricardo Way,29.398262,64.008298,8:00 - 20:00,3.2,61,$$$,"['Combo discount', 'Free delivery']",Indonesian,"['Gluten-Free', 'Low Sodium']","['low calorie', 'protein rich']","['Motivated', 'Energized']","['food_000059', 'food_000244', 'food_000028', 'food_000480', 'food_000307']"
restaurant_00164,Short Bistro,"['Indonesian', 'French']",West Michaelfurt,Lisa Land,-9.672023,-162.747326,6:00 - 20:00,4.0,24,$,"['Happy hours', 'Free delivery']",Indonesian,"['Kosher', 'Gluten-Free']","['gluten free', 'protein rich']","['Savory', 'Cozy']","['food_000282', 'food_000090', 'food_000334', 'food_000446', 'food_000395']"
restaurant_00165,Wilson Cafe,"['Brazilian', 'Greek']",North Amber,Matthew Mission,45.407865,-169.131341,6:00 - 23:00,3.3,52,$$$,"['Weekend special', 'Combo discount']",Brazilian,"['Low Sodium', 'Nut-Free']","['heart healthy', 'low sugar']","['Relaxed', 'Savory']","['food_000215', 'food_000277', 'food_000002', 'food_000217', 'food_000480']"
restaurant_00166,Pittman House,"['Latin American', 'German', 'Lebanese']",Gabrielastad,Weiss Stravenue,64.544321,-118.263419,9:00 - 23:00,3.8,20,$$$$,"['Weekend special', '10% off']",Latin American,"['Paleo', 'Pescatarian']","['low calorie', 'protein rich']","['Savory', 'Romantic']","['food_000234', 'food_000030', 'food_000326', 'food_000388', 'food_000412']"
restaurant_00167,Clark Bistro,"['American Comfort', 'Moroccan']",Anthonychester,Jenkins Squares,-39.490014,-101.396869,10:00 - 23:00,4.3,31,$$$,"['Combo discount', 'Weekend special']",American Comfort,"['Diabetes-Friendly', 'Heart-Healthy']","['low calorie', 'gluten free']","['Focused', 'Comfort']","['food_000377', 'food_000383', 'food_000152', 'food_000415', 'food_000339']"
restaurant_00168,Nichols Grill,['French'],Danielmouth,Hood Lights,28.3733,-45.383402,9:00 - 20:00,4.2,29,$$,"['Free delivery', 'Happy hours']",French,"['Halal', 'Keto']","['low calorie', 'protein rich']","['Spicy', 'Festive']","['food_000292', 'food_000232', 'food_000208', 'food_000422', 'food_000418']"
restaurant_00169,Hickman Grill,['Healthy Fusion'],New Jerrymouth,Young Common,26.824536,-18.410648,7:00 - 22:00,3.5,40,$$$$,"['Free delivery', 'Combo discount']",Healthy Fusion,"['Vegan', 'Low Sodium']","['low sugar', 'protein rich']","['Cozy', 'Festive']","['food_000257', 'food_000386', 'food_000041', 'food_000359', 'food_000273']"
restaurant_00170,Morris Corner,"['Australian', 'Thai']",Jeffreyland,Suzanne Shoal,32.340541,169.523027,9:00 - 22:00,4.7,52,$$$,"['Weekend special', 'Free delivery']",Australian,"['Keto', 'Low Sodium']","['gluten free', 'heart healthy']","['Happy', 'Calm']","['food_000266', 'food_000190', 'food_000142', 'food_000481', 'food_000365']"
restaurant_00171,Whitaker Tavern,"['East Asian', 'American Comfort']",Garrettchester,Grimes Trace,-48.452205,-166.161466,9:00 - 23:00,4.2,59,$$,"['Weekend special', 'Happy hours']",East Asian,"['Dairy-Free', 'Diabetes-Friendly']","['low calorie', 'protein rich']","['Comforting', 'Sweet']","['food_000159', 'food_000291', 'food_000419', 'food_000249', 'food_000496']"
restaurant_00172,Castillo Corner,"['African', 'Middle Eastern', 'East Asian']",Georgehaven,Laura Estates,81.236855,-113.041708,10:00 - 23:00,3.4,46,$,"['Weekend special', 'Free delivery']",African,"['Vegetarian', 'Low Sugar']","['heart healthy', 'gluten free']","['Relaxed', 'Motivated']","['food_000486', 'food_000477', 'food_000292', 'food_000299', 'food_000209']"
restaurant_00173,Cole Bistro,['African'],North Kellyside,Nicole Haven,-22.148038,174.696022,10:00 - 21:00,4.2,58,$$$,"['Weekend special', 'Free delivery']",African,"['Low Sugar', 'Low Sodium']","['gluten free', 'heart healthy']","['Sunny', 'Spicy']","['food_000264', 'food_000238', 'food_000364', 'food_000254', 'food_000231']"
restaurant_00174,Hooper House,['Thai'],Lake Jerryfurt,Yesenia Branch,-87.775685,-136.289504,8:00 - 21:00,3.1,36,$$$$,"['Weekend special', 'Free delivery']",Thai,"['Keto', 'Low Sodium']","['protein rich', 'gluten free']","['Savory', 'Relaxed']","['food_000080', 'food_000065', 'food_000207', 'food_000006', 'food_000016']"
restaurant_00175,Martinez Kitchen,['French'],Fullerport,Scott Mountain,-81.059338,172.399944,11:00 - 23:00,4.9,29,$$$,"['Weekend special', '10% off']",French,"['Dairy-Free', 'Halal']","['protein rich', 'low calorie']","['Nostalgic', 'Sweet']","['food_000037', 'food_000112', 'food_000154', 'food_000061', 'food_000009']"
restaurant_00176,Myers Bistro,"['Australian', 'Turkish', 'Vietnamese']",East Ronaldborough,Cohen Extensions,-62.584966,48.804402,10:00 - 23:00,3.3,57,$$$,"['Weekend special', 'Happy hours']",Australian,"['Nut-Free', 'Pescatarian']","['heart healthy', 'low sugar']","['Focused', 'Adventurous']","['food_000152', 'food_000466', 'food_000006', 'food_000169', 'food_000318']"
restaurant_00177,French Grill,"['East Asian', 'North Indian', 'Greek']",Murrayton,Raymond Junction,-47.964196,119.3943,6:00 - 23:00,5.0,47,$$,"['Weekend special', '10% off']",East Asian,"['Low Carb', 'Diabetes-Friendly']","['gluten free', 'heart healthy']","['Adventurous', 'Sweet']","['food_000482', 'food_000424', 'food_000398', 'food_000280', 'food_000472']"
restaurant_00178,Humphrey Corner,['Indonesian'],Sarahville,Michael Lodge,-17.586317,-132.584907,6:00 - 20:00,3.9,43,$$$,"['Free delivery', '10% off']",Indonesian,"['Heart-Healthy', 'Dairy-Free']","['heart healthy', 'gluten free']","['Romantic', 'Peaceful']","['food_000221', 'food_000293', 'food_000171', 'food_000246', 'food_000079']"
restaurant_00179,Khan Corner,"['Filipino', 'German', 'Indonesian']",Gonzalesmouth,Duane Vista,62.92334,-177.578077,7:00 - 22:00,4.0,27,$$$,"['Free delivery', 'Combo discount']",Filipino,"['High Protein', 'Vegan']","['protein rich', 'heart healthy']","['Savory', 'Cheerful']","['food_000436', 'food_000208', 'food_000050', 'food_000007', 'food_000027']"
restaurant_00180,Davies Tavern,"['Vietnamese', 'American Comfort']",Paulahaven,Thomas Shore,-76.810574,176.608564,8:00 - 20:00,3.5,25,$$,"['Weekend special', 'Free delivery']",Vietnamese,"['Vegan', 'Gluten-Free']","['low sugar', 'low calorie']","['Sweet', 'Social']","['food_000265', 'food_000248', 'food_000100', 'food_000108', 'food_000236']"
restaurant_00181,Rowe Kitchen,['French'],Lake Justinbury,Leon Vista,55.865714,126.642285,8:00 - 22:00,4.7,38,$$,"['Weekend special', '10% off']",French,"['Low Carb', 'High Protein']","['heart healthy', 'low calorie']","['Motivated', 'Spicy']","['food_000213', 'food_000444', 'food_000066', 'food_000397', 'food_000116']"
restaurant_00182,Mueller Cafe,['Filipino'],Lake Kyliefurt,Rogers Crossing,34.52908,-10.643028,8:00 - 20:00,4.6,58,$,"['10% off', 'Happy hours']",Filipino,"['Vegan', 'Heart-Healthy']","['gluten free', 'low sugar']","['Relaxed', 'Happy']","['food_000356', 'food_000123', 'food_000493', 'food_000337', 'food_000086']"
restaurant_00183,Nash Corner,"['Turkish', 'Thai', 'Mediterranean']",Austinborough,Davis Cove,-26.698455,-110.669159,8:00 - 20:00,4.2,24,$$$,"['Weekend special', 'Combo discount']",Turkish,"['Vegetarian', 'Low Sodium']","['low sugar', 'low calorie']","['Romantic', 'Cheerful']","['food_000459', 'food_000428', 'food_000232', 'food_000134', 'food_000139']"
restaurant_00184,Lawrence Grill,"['Japanese', 'Moroccan', 'Thai']",Christinehaven,Robbins Parkway,18.409922,-137.889662,9:00 - 20:00,4.3,50,$$,"['10% off', 'Weekend special']",Japanese,"['Dairy-Free', 'Vegetarian']","['gluten free', 'protein rich']","['Comfort', 'Nostalgic']","['food_000164', 'food_000458', 'food_000160', 'food_000061', 'food_000277']"
restaurant_00185,Brown Cafe,['Nordic'],Kleinton,Henderson Brooks,18.757258,103.846359,10:00 - 21:00,3.4,54,$$,"['10% off', 'Free delivery']",Nordic,"['Kosher', 'Low Sugar']","['protein rich', 'low calorie']","['Calm', 'Peaceful']","['food_000191', 'food_000469', 'food_000421', 'food_000279', 'food_000284']"
restaurant_00186,Robinson Tavern,"['Italian', 'Indonesian', 'British']",Port Angela,Ellen Pines,28.812865,12.304153,6:00 - 21:00,3.8,30,$,"['Weekend special', 'Combo discount']",Italian,"['Gluten-Free', 'Heart-Healthy']","['heart healthy', 'low sugar']","['Cozy', 'Social']","['food_000444', 'food_000105', 'food_000370', 'food_000122', 'food_000176']"
restaurant_00187,Clements Grill,"['East Asian', 'American Comfort']",West Nicolebury,Davis Port,77.857306,37.764505,9:00 - 22:00,3.5,21,$,"['Weekend special', '10% off']",East Asian,"['Pescatarian', 'High Protein']","['low calorie', 'heart healthy']","['Energized', 'Focused']","['food_000022', 'food_000348', 'food_000367', 'food_000061', 'food_000307']"
restaurant_00188,Gates Grill,"['Mediterranean', 'Spanish', 'Brazilian']",North Hannah,King Throughway,65.817489,-151.610124,7:00 - 21:00,4.6,44,$$$,"['10% off', 'Weekend special']",Mediterranean,"['Nut-Free', 'Low Carb']","['low sugar', 'gluten free']","['Spicy', 'Energized']","['food_000176', 'food_000084', 'food_000410', 'food_000205', 'food_000124']"
restaurant_00189,Schneider Bistro,"['Latin American', 'Lebanese', 'Indonesian']",New Brittanyland,Joshua Creek,-84.17726,177.910198,11:00 - 21:00,3.3,40,$$$$,"['Free delivery', 'Happy hours']",Latin American,"['Vegetarian', 'High Protein']","['heart healthy', 'low sugar']","['Comforting', 'Festive']","['food_000152', 'food_000246', 'food_000372', 'food_000358', 'food_000491']"
restaurant_00190,Ramos Corner,['Peruvian'],Matthewport,Miller Plains,75.336097,142.344001,6:00 - 23:00,4.5,38,$$,"['Happy hours', '10% off']",Peruvian,"['Nut-Free', 'Halal']","['protein rich', 'low sugar']","['Cozy', 'Happy']","['food_000412', 'food_000199', 'food_000209', 'food_000068', 'food_000447']"
restaurant_00191,Schneider Tavern,['Healthy Fusion'],New Barbaraburgh,Douglas Ramp,36.562142,27.438487,6:00 - 22:00,3.5,20,$$$,"['Free delivery', 'Happy hours']",Healthy Fusion,"['Gluten-Free', 'Halal']","['gluten free', 'low sugar']","['Comfort', 'Adventurous']","['food_000192', 'food_000249', 'food_000417', 'food_000285', 'food_000465']"
restaurant_00192,Becker Tavern,['American Comfort'],Kristinabury,Ayers Gateway,3.048587,-162.569272,6:00 - 23:00,3.5,45,$$$$,"['Happy hours', 'Free delivery']",American Comfort,"['Pescatarian', 'Diabetes-Friendly']","['low calorie', 'low sugar']","['Energized', 'Adventurous']","['food_000375', 'food_000272', 'food_000455', 'food_000329', 'food_000045']"
restaurant_00193,Holden Grill,"['Mexican', 'Italian', 'Brazilian']",Port Jessicashire,Jesus Dam,22.291975,31.596605,6:00 - 21:00,4.2,57,$,"['10% off', 'Free delivery']",Mexican,"['Vegan', 'Kosher']","['protein rich', 'low calorie']","['Adventurous', 'Comforting']","['food_000070', 'food_000012', 'food_000312', 'food_000135', 'food_000174']"
restaurant_00194,Durham Bistro,"['American Comfort', 'Nordic', 'Korean']",Rossside,Mccall Field,12.316266,70.60097,8:00 - 21:00,4.7,56,$$$,"['Free delivery', 'Happy hours']",American Comfort,"['Vegan', 'Vegetarian']","['gluten free', 'heart healthy']","['Energized', 'Adventurous']","['food_000442', 'food_000496', 'food_000238', 'food_000179', 'food_000470']"
restaurant_00195,Dalton Corner,"['Filipino', 'French']",East Erin,Haynes Rapid,-43.597875,-81.592439,11:00 - 21:00,3.1,38,$$$,"['Weekend special', 'Combo discount']",Filipino,"['Dairy-Free', 'Heart-Healthy']","['low sugar', 'protein rich']","['Peaceful', 'Relaxed']","['food_000064', 'food_000286', 'food_000009', 'food_000323', 'food_000288']"
restaurant_00196,Dominguez Kitchen,"['Spanish', 'Lebanese', 'Japanese']",Ricardobury,Thomas Fords,23.265087,10.581307,8:00 - 22:00,4.5,45,$$$,"['Happy hours', 'Free delivery']",Spanish,"['Low Sodium', 'Dairy-Free']","['low sugar', 'protein rich']","['Romantic', 'Happy']","['food_000316', 'food_000254', 'food_000027', 'food_000162', 'food_000359']"
restaurant_00197,Phillips Tavern,"['South Indian', 'Healthy Fusion']",Jessicafurt,Serrano Road,-71.541193,-28.800332,7:00 - 22:00,4.1,21,$$$$,"['Happy hours', '10% off']",South Indian,"['Dairy-Free', 'High Protein']","['protein rich', 'heart healthy']","['Sunny', 'Comfort']","['food_000068', 'food_000101', 'food_000181', 'food_000410', 'food_000033']"
restaurant_00198,Olson Cafe,"['Thai', 'South Indian', 'Mediterranean']",Sandrastad,York Inlet,81.880709,65.122291,6:00 - 23:00,3.5,60,$$$,"['10% off', 'Happy hours']",Thai,"['Diabetes-Friendly', 'Kosher']","['low calorie', 'low sugar']","['Cozy', 'Energized']","['food_000178', 'food_000270', 'food_000226', 'food_000293', 'food_000032']"
restaurant_00199,Hicks Cafe,['Middle Eastern'],East Alan,Davis Key,-35.600019,-104.692025,10:00 - 22:00,3.6,56,$$$,"['Combo discount', '10% off']",Middle Eastern,"['Kosher', 'Paleo']","['low sugar', 'protein rich']","['Romantic', 'Cheerful']","['food_000356', 'food_000481', 'food_000470', 'food_000240', 'food_000299']"
restaurant_00200,Adams Kitchen,"['German', 'Korean']",North Cheryl,Keith Flat,13.080512,84.722298,11:00 - 23:00,3.9,39,$,"['Happy hours', 'Free delivery']",German,"['Pescatarian', 'Low Sodium']","['heart healthy', 'low calorie']","['Spicy', 'Calm']","['food_000100', 'food_000452', 'food_000166', 'food_000366', 'food_000311']"
